Наименование|Категория|Полное наименование|Мощность, кВт|Номинальная частота вращения, об/мин|Фактическая частота вращения, об/мин|Номинальный ток, А (при U=380В)|Напряжение, В|Количество полюсов|КПД, %|Коэфициент мощности, COS φ|Соотношение токов, Iп/Iн|Соотношение крутящих моментов, Mп/ Mн|Соотношение крутящих моментов, Mтах/ Mн|Момент инерции, кг*м2|Уровень шума, Дб|Габаритные размеры, мм|Высота вала, мм|Масса, кг|Частота, Гц|Класс энергоэффективности|Класс изоляции|Метод охлаждения|Класс защиты (пылевлагозащита)|Климатическое исполнение|Цена, руб.
АИР56A4|Электродвигатели АИР|Электродвигатель АИР56A4 0,12 кВт 1500 об/мин|0.12|1500|1310|0.44|220/380 ( Δ / Y )|4|57|0.72|4.4|2.2|2.1|||204x156|56|4.5|50|IE1|F|IC411|IP55|У1|3,559.00   
АИР56A2|Электродвигатели АИР|Электродвигатель АИР56A2 0,18 кВт 3000 об/мин|0.18|3000|2720|0.53|220/380 ( Δ / Y )|2|65|0.8|5.5|2.3|2.3|||204x156|56|4.5|50|IE1|F|IC411|IP55|У1|3,559.00   
АИР56B4|Электродвигатели АИР|Электродвигатель АИР56B4 0,18 кВт 1500 об/мин|0.18|1500|1310|0.62|220/380 ( Δ / Y )|4|60|0.73|4.4|2.2|2.1|||204x156|56|4.7|50|IE1|F|IC411|IP55|У1|3,812.00   
АИР63A6|Электродвигатели АИР|Электродвигатель АИР63A6 0,18 кВт 1000 об/мин|0.18|1000|870|0.74|220/380 ( Δ / Y )|6|56|0.66|4|1.9|2|||231x173|63|6|50|IE1|F|IC411|IP55|У1|4,971.00   
АИР71A8|Электродвигатели АИР|Электродвигатель АИР71A8 0,18 кВт 750 об/мин|0.18|750|645|0.83|220/380 ( Δ / Y )|8|51|0.61|3.3|1.8|1.9|0,0020|52|280x200|71|10|50|IE1|F|IC411|IP55|У1|6,980.00   
АИР56B2|Электродвигатели АИР|Электродвигатель АИР56B2 0,25 кВт 3000 об/мин|0.25|3000|2720|0.69|220/380 ( Δ / Y )|2|68|0.81|5.5|2.3|2.3|||204x156|56|4.7|50|IE1|F|IC411|IP55|У1|3,746.00   
АИР63A4|Электродвигатели АИР|Электродвигатель АИР63A4 0,25 кВт 1500 об/мин|0.25|1500|1340|0.79|220/380 ( Δ / Y )|4|65|0.74|5.2|2.2|2.1|||231x173|63|6|50|IE1|F|IC411|IP55|У1|4,376.00   
АИР63B6|Электродвигатели АИР|Электродвигатель АИР63B6 0,25 кВт 1000 об/мин|0.25|1000|870|0.95|220/380 ( Δ / Y )|6|59|0.68|4|1.9|2|||231x173|63|6.3|50|IE1|F|IC411|IP55|У1|5,246.00   
АИР71B8|Электродвигатели АИР|Электродвигатель АИР71B8 0,25 кВт 750 об/мин|0.25|750|645|1.1|220/380 ( Δ / Y )|8|54|0.61|3.3|1.8|1.9|0,0025|52|280x200|71|11|50|IE1|F|IC411|IP55|У1|7,221.00   
АИР63A2|Электродвигатели АИР|Электродвигатель АИР63A2 0,37 кВт 3000 об/мин|0.37|3000|2755|1.01|220/380 ( Δ / Y )|2|69|0.81|6.1|2.2|2.3|||231x173|63|6|50|IE1|F|IC411|IP55|У1|3,938.00   
АИР63B4|Электродвигатели АИР|Электродвигатель АИР63B4 0,37 кВт 1500 об/мин|0.37|1500|1340|1.12|220/380 ( Δ / Y )|4|67|0.75|5.2|2.2|2.1|||231x173|63|6.3|50|IE1|F|IC411|IP55|У1|4,608.00   
АИР71A6|Электродвигатели АИР|Электродвигатель АИР71A6 0,37 кВт 1000 об/мин|0.37|1000|880|1.3|220/380 ( Δ / Y )|6|62|0.7|4.7|1.9|2|0.0015|54|280x200|71|10|50|IE1|F|IC411|IP55|У1|6,424.00   
АИР80A8|Электродвигатели АИР|Электродвигатель АИР80A8 0,37 кВт 750 об/мин|0.37|750|675|1.49|220/380 ( Δ / Y )|8|62|0.61|4|1.8|1.9|0,0030|56|300x209|80|13|50|IE1|F|IC411|IP55|У1|8,719.00   
АИР63B2|Электродвигатели АИР|Электродвигатель АИР63B2 0,55 кВт 3000 об/мин|0.55|3000|2790|1.38|220/380 ( Δ / Y )|2|74|0.81|6.1|2.2|2.3|||231x173|63|6.3|50|IE1|F|IC411|IP55|У1|4,527.00   
АИР71A4|Электродвигатели АИР|Электродвигатель АИР71A4 0,55 кВт 1500 об/мин|0.55|1500|1390|1.57|220/380 ( Δ / Y )|4|71|0.75|5.2|2.4|2.3|0,0010|58|280x200|71|10|50|IE1|F|IC411|IP55|У1|5,991.00   
АИР71B6|Электродвигатели АИР|Электродвигатель АИР71B6 0,55 кВт 1000 об/мин|0.55|1000|880|1.79|220/380 ( Δ / Y )|6|65|0.72|4.7|1.9|2.1|0,0020|54|280x200|71|10|50|IE1|F|IC411|IP55|У1|6,772.00   
АИР80B8|Электродвигатели АИР|Электродвигатель АИР80B8 0,55 кВт 750 об/мин|0.55|750|680|2.17|220/380 ( Δ / Y )|8|63|0.61|4|1.8|2|0,0038|56|320x209|80|14|50|IE1|F|IC411|IP55|У1|9,461.00   
АИР71A2|Электродвигатели АИР|Электродвигатель АИР71A2 0,75 кВт 3000 об/мин|0.75|3000|2840|1.83|220/380 ( Δ / Y )|2|75|0.83|6.1|2.2|2.3|0.0006|67|280x200|71|10|50|IE1|F|IC411|IP55|У1|6,045.00   
АИР71B4|Электродвигатели АИР|Электродвигатель АИР71B4 0,75 кВт 1500 об/мин|0.75|1500|1390|2.05|220/380 ( Δ / Y )|4|73|0.76|6|2.3|2.3|0.0015|58|280x200|71|11|50|IE1|F|IC411|IP55|У1|6,646.00   
АИР80A6|Электродвигатели АИР|Электродвигатель АИР80A6 0,75 кВт 1000 об/мин|0.75|1000|905|2.3|220/380 ( Δ / Y )|6|69|0.72|5.3|2|2.1|0,0035|57|300x209|80|16.9|50|IE1|F|IC411|IP55|У1|8,083.00   
АИР90LA8|Электродвигатели АИР|Электродвигатель АИР90LA8 0,75 кВт 750 об/мин|0.75|750|680|2.43|220/380 ( Δ / Y )|8|70|0.67|4|1.8|2|0,0063|59|357x240|90|25|50|IE1|F|IC411|IP55|У1|10,491.00   
АИР71B2|Электродвигатели АИР|Электродвигатель АИР71B2 1,1 кВт 3000 об/мин|1.1|3000|2840|2.61|220/380 ( Δ / Y )|2|76.2|0.84|6.9|2.2|2.3|0.0008|67|280x200|71|11|50|IE1|F|IC411|IP55|У1|6,646.00   
АИР80A4|Электродвигатели АИР|Электродвигатель АИР80A4 1,1 кВт 1500 об/мин|1.1|1500|1390|2.85|220/380 ( Δ / Y )|4|76.2|0.77|6|2.3|2.3|0,0028 |61|300x209|80|16.4|50|IE1|F|IC411|IP55|У1|7,576.00   
АИР80B6|Электродвигатели АИР|Электродвигатель АИР80B6 1,1 кВт 1000 об/мин|1.1|1000|905|3.2|220/380 ( Δ / Y )|6|72|0.73|5.5|2|2.1|0,0048|57|320x209|80|18.1|50|IE1|F|IC411|IP55|У1|8,674.00   
АИР90LB8|Электродвигатели АИР|Электродвигатель АИР90LB8 1,1 кВт 750 об/мин|1.1|750|680|3.36|220/380 ( Δ / Y )|8|72|0.69|5|1.8|2|0,0090|59|357x240|90|26|50|IE1|F|IC411|IP55|У1|12,090.00   
АИР100L8|Электродвигатели АИР|Электродвигатель АИР100L8 1,5 кВт 750 об/мин|1.5|750|690|4.4|220/380 ( Δ / Y )|8|74|0.7|5|1.8|2|0,0123|61|398x256|100|37|50|IE1|F|IC411|IP55|У1|7,794.00   
АИР80A2|Электродвигатели АИР|Электродвигатель АИР80A2 1,5 кВт 3000 об/мин|1.5|3000|2850|3.46|220/380 ( Δ / Y )|2|78.5|0.84|7|2.2|2.3|0,0011|72|300x209|80|17.6|50|IE1|F|IC411|IP55|У1|8,809.00   
АИР80B4|Электродвигатели АИР|Электродвигатель АИР80B4 1,5 кВт 1500 об/мин|1.5|1500|1400|3.72|220/380 ( Δ / Y )|4|78.5|0.78|6|2.3|2.3|0,0034|61|320x209|80|18.6|50|IE1|F|IC411|IP55|У1|11,115.00   
АИР90L6|Электродвигатели АИР|Электродвигатель АИР90L6 1,5 кВт 1000 об/мин|1.5|1000|920|4|220/380 ( Δ / Y )|6|76|0.75|5.5|2|2.1|0,0066|61|357x240|90|26.4|50|IE1|F|IC411|IP55|У1|14,567.00   
АИР100L6|Электродвигатели АИР|Электродвигатель АИР100L6 2,2 кВт 1000 об/мин|2.2|1000|935|5.6|220/380 ( Δ / Y )|6|79|0.76|6.5|2|2.1|0,0200|65|398x256|100|35.2|50|IE1|F|IC411|IP55|У1|8,589.00   
АИР112MA8|Электродвигатели АИР|Электродвигатель АИР112MA8 2,2 кВт 750 об/мин|2.2|750|710|6|220/380 ( Δ / Y )|8|79|0.71|6|1.8|2|0,0221|64|435x300|112|40|50|IE1|F|IC411|IP55|У1|10,705.00   
АИР80B2|Электродвигатели АИР|Электродвигатель АИР80B2 2,2 кВт 3000 об/мин|2.2|3000|2855|4.85|220/380 ( Δ / Y )|2|81|0.85|7|2.2|2.3|0,0018|72|300x209|80|19.1|50|IE1|F|IC411|IP55|У1|14,203.00   
АИР90L4|Электродвигатели АИР|Электродвигатель АИР90L4 2,2 кВт 1500 об/мин|2.2|1500|1410|5.1|220/380 ( Δ / Y )|4|80|0.81|7|2.3|2.3|0,0056|64|357x240|90|26.2|50|IE1|F|IC411|IP55|У1|17,907.00   
АИР100S4|Электродвигатели АИР|Электродвигатель АИР100S4 3 кВт 1500 об/мин|3|1500|1410|6.8|220/380 ( Δ / Y )|4|82.6|0.82|7|2.3|2.3|0,0100|64|398x256|100|32.5|50|IE1|F|IC411|IP55|У1|10,844.00   
АИР112MA6|Электродвигатели АИР|Электродвигатель АИР112MA6 3 кВт 1000 об/мин|3|1000|960|7.4|220/380 ( Δ / Y )|6|81|0.76|6.5|2.1|2.1|0,0380 |69|435x300|112|45.6|50|IE1|F|IC411|IP55|У1|13,554.00   
АИР112MB8|Электродвигатели АИР|Электродвигатель АИР112MB8 3 кВт 750 об/мин|3|750|710|7.8|220/380 ( Δ / Y )|8|80|0.73|6|1.8|2|0,0288|64|435x300|112|43|50|IE1|F|IC411|IP55|У1|17,575.00   
АИР90L2|Электродвигатели АИР|Электродвигатель АИР90L2 3 кВт 3000 об/мин|3|3000|2860|6.34|220/380 ( Δ / Y )|2|82.6|0.87|7.5|2.2|2.3|0,0024|76|357x240|90|27.4|50|IE1|F|IC411|IP55|У1|19,592.00   
АИР100L4|Электродвигатели АИР|Электродвигатель АИР100L4 4 кВт 1500 об/мин|4|1500|1435|8.8|220/380 ( Δ / Y )|4|84.2|0.82|7|2.3|2.3|0,0130|65|398x256|100|37.3|50|IE1|F|IC411|IP55|У1|13,758.00   
АИР100S2|Электродвигатели АИР|Электродвигатель АИР100S2 4 кВт 3000 об/мин|4|3000|2880|8.21|220/380 ( Δ / Y )|2|84.2|0.88|7.5|2.2|2.3|0,0070|77|398x256|100|32|50|IE1|F|IC411|IP55|У1|15,343.00   
АИР112MB6|Электродвигатели АИР|Электродвигатель АИР112MB6 4 кВт 1000 об/мин|4|1000|960|9.75|220/380 ( Δ / Y )|6|82|0.76|6.5|2.1|2.1|0,0425|69|435x300|112|50.3|50|IE1|F|IC411|IP55|У1|19,727.00   
АИР132S8|Электродвигатели АИР|Электродвигатель АИР132S8 4 кВт 750 об/мин|4|750|720|10.3|380/660 ( Δ / Y )|8|81|0.73|6|1.9|2|0,0690|68|470x345|132|70.5|50|IE1|F|IC411|IP55|У1|25,458.00   
АИР100L2|Электродвигатели АИР|Электродвигатель АИР100L2 5,5 кВт 3000 об/мин|5.5|3000|2900|1.11|220/380 ( Δ / Y )|2|85.7|0.88|7.5|2.2|2.3|0,0080|80|398x256|100|39.4|50|IE1|F|IC411|IP55|У1|15,836.00   
АИР112M4|Электродвигатели АИР|Электродвигатель АИР112M4 5,5 кВт 1500 об/мин|5.5|1500|1440|11.7|220/380 ( Δ / Y )|4|85.7|0.83|7|2.3|2.3|0,0236|71|435x300|112|46.9|50|IE1|F|IC411|IP55|У1|18,705.00   
АИР132M8|Электродвигатели АИР|Электродвигатель АИР132M8 5,5 кВт 750 об/мин|5.5|750|720|13.6|380/660 ( Δ / Y )|8|83|0.74|6|1.9|2|0,0935|68|510x345|132|82|50|IE1|F|IC411|IP55|У1|29,744.00   
АИР132S6|Электродвигатели АИР|Электродвигатель АИР132S6 5,5 кВт 1000 об/мин|5.5|1000|960|12.9|380/660 ( Δ / Y )|6|84|0.77|6.5|2.1|2.1|0,0500|69|470x345|132|70|50|IE1|F|IC411|IP55|У1|25,639.00   
АИР112M2|Электродвигатели АИР|Электродвигатель АИР112M2 7,5 кВт 3000 об/мин|7.5|3000|2895|4.9|220/380 ( Δ / Y )|2|87|0.88|7.5|2.2|2.3|0,0185|80|435x300|112|50.7|50|IE1|F|IC411|IP55|У1|18,331.00   
АИР132M6|Электродвигатели АИР|Электродвигатель АИР132M6 7,5 кВт 1000 об/мин|7.5|1000|970|17.2|380/660 ( Δ / Y )|6|86|0.77|6.5|2|2.1|0,0597|73|510x345|132|86|50|IE1|F|IC411|IP55|У1|28,323.00   
АИР132S4|Электродвигатели АИР|Электродвигатель АИР132S4 7,5 кВт 1500 об/мин|7.5|1500|1450|15.6|380/660 ( Δ / Y )|4|87|0.84|7|2.3|2.3|0,0227|71|470x345|132|75|50|IE1|F|IC411|IP55|У1|25,231.00   
АИР160S8|Электродвигатели АИР|Электродвигатель АИР160S8 7,5 кВт 750 об/мин|7.5|750|720|17.8|380/660 ( Δ / Y )|8|85.5|0.75|6|1.9|2|0,0800|68|615x420|160|121|50|IE1|F|IC411|IP55|У1|41,001.00   
АИР132M2|Электродвигатели АИР|Электродвигатель АИР132M2 11 кВт 3000 об/мин|11|3000|2900|21.2|380/660 ( Δ / Y )|2|88.4|0.89|7.5|2.2|2.3|0,0227|86|510x345|132|74|50|IE1|F|IC411|IP55|У1|26,645.00   
АИР132M4|Электродвигатели АИР|Электродвигатель АИР132M4 11 кВт 1500 об/мин|11|1500|1460|22.5|380/660 ( Δ / Y )|4|88.4|0.84|7|2.2|2.3|0,0349|75|510x345|132|87|50|IE1|F|IC411|IP55|У1|29,166.00   
АИР160M8|Электродвигатели АИР|Электродвигатель АИР160M8 11 кВт 750 об/мин|11|750|730|25.5|380/660 ( Δ / Y )|8|87.5|0.75|6.5|2|2|0,0850|70|660x420|160|152|50|IE1|F|IC411|IP55|У1|48,629.00   
АИР160S6|Электродвигатели АИР|Электродвигатель АИР160S6 11 кВт 1000 об/мин|11|1000|970|24.5|380/660 ( Δ / Y )|6|87.5|0.78|6.5|2|2.1|0,0700|73|615x420|160|122|50|IE1|F|IC411|IP55|У1|41,825.00   
АИР160M6|Электродвигатели АИР|Электродвигатель АИР160M6 15 кВт 1000 об/мин|15|1000|970|31.6|380/660 ( Δ / Y )|6|89|0.81|7|2|2.1|0,0750|73|660x420|160|152|50|IE1|F|IC411|IP55|У1|48,539.00   
АИР160S2|Электродвигатели АИР|Электродвигатель АИР160S2 15 кВт 3000 об/мин|15|3000|2930|28.6|380/660 ( Δ / Y )|2|89.4|0.89|7.5|2.2|2.3|0,0500|86|615x420|160|108|50|IE1|F|IC411|IP55|У1|39,148.00   
АИР160S4|Электродвигатели АИР|Электродвигатель АИР160S4 15 кВт 1500 об/мин|15|1500|1460|30|380/660 ( Δ / Y )|4|89.4|0.85|7.5|2.2|2.3|0,0600|75|615x420|160|126|50|IE1|F|IC411|IP55|У1|43,017.00   
АИР180M8|Электродвигатели АИР|Электродвигатель АИР180M8 15 кВт 750 об/мин|15|750|730|34.1|380/660 ( Δ / Y )|8|88|0.76|6.6|2|2|0,1000|73|740x455|180|182|50|IE1|F|IC411|IP55|У1|68,571.00   
АИР160M2|Электродвигатели АИР|Электродвигатель АИР160M2 18,5 кВт 3000 об/мин|18.5|3000|2930|34.7|380/660 ( Δ / Y )|2|90|0.9|7.5|2|2.3|0,0550|86|660x420|160|120|50|IE1|F|IC411|IP55|У1|42,252.00   
АИР160M4|Электродвигатели АИР|Электродвигатель АИР160M4 18,5 кВт 1500 об/мин|18.5|1500|1470|36.3|380/660 ( Δ / Y )|4|90|0.86|7.5|2.2|2.3|0,0650|76|660x420|160|146|50|IE1|F|IC411|IP55|У1|46,915.00   
АИР180M6|Электродвигатели АИР|Электродвигатель АИР180M6 18,5 кВт 1000 об/мин|18.5|1000|980|38.6|380/660 ( Δ / Y )|6|90|0.81|7|2.1|2.1|0,0900|76|740x455|180|176|50|IE1|F|IC411|IP55|У1|64,636.00   
АИР200M8|Электродвигатели АИР|Электродвигатель АИР200M8 18,5 кВт 750 об/мин|18.5|750|730|41.1|380/660 ( Δ / Y )|8|90|0.76|6.6|1.9|2|0,3000|73|800x505|200|232|50|IE1|F|IC411|IP55|У1|85,867.00   
АИР180S2|Электродвигатели АИР|Электродвигатель АИР180S2 22 кВт 3000 об/мин|22|3000|2940|41|380/660 ( Δ / Y )|2|90.5|0.9|7.5|2|2.3|0,0620|89|700x455|180|164|50|IE1|F|IC411|IP55|У1|58,479.00   
АИР180S4|Электродвигатели АИР|Электродвигатель АИР180S4 22 кВт 1500 об/мин|22|1500|1470|43.2|380/660 ( Δ / Y )|4|90.5|0.86|7.5|2.2|2.3|0,0700|76|700x455|180|166|50|IE1|F|IC411|IP55|У1|60,376.00   
АИР200L8|Электродвигатели АИР|Электродвигатель АИР200L8 22 кВт 750 об/мин|22|750|730|48.9|380/660 ( Δ / Y )|8|90.5|0.78|6.6|1.9|2|0,3500|73|800x505|200|237|50|IE1|F|IC411|IP55|У1|75,311.00   
АИР200M6|Электродвигатели АИР|Электродвигатель АИР200M6 22 кВт 1000 об/мин|22|1000|980|44.7|380/660 ( Δ / Y )|6|90|0.83|7|2|2.1|0,2000|76|800x505|200|224|50|IE1|F|IC411|IP55|У1|94,739.00   
АИР180M2|Электродвигатели АИР|Электродвигатель АИР180M2 30 кВт 3000 об/мин|30|3000|2950|55.4|380/660 ( Δ / Y )|2|91.4|0.9|7.5|2|2.3|0,0700|92|740x455|180|200|50|IE1|F|IC411|IP55|У1|66,043.00   
АИР180M4|Электродвигатели АИР|Электродвигатель АИР180M4 30 кВт 1500 об/мин|30|1500|1470|57.6|380/660 ( Δ / Y )|4|91.4|0.86|7.2|2.2|2.3|0,0800|76|740x455|180|194|50|IE1|F|IC411|IP55|У1|69,909.00   
АИР200L6|Электродвигатели АИР|Электродвигатель АИР200L6 30 кВт 1000 об/мин|30|1000|980|59.3|380/660 ( Δ / Y )|6|91.5|0.84|7|2|2.1|0,2500|76|800x505|200|266|50|IE1|F|IC411|IP55|У1|89,052.00   
АИР225M8|Электродвигатели АИР|Электродвигатель АИР225M8 30 кВт 750 об/мин|30|750|735|63|380/660 ( Δ / Y )|8|91|0.79|6.5|1.9|2|0,8250 |75|875x560|225|324|50|IE1|F|IC411|IP55|У1|117,087.00   
АИР200M2|Электродвигатели АИР|Электродвигатель АИР200M2 37 кВт 3000 об/мин|37|3000|2950|67.9|380/660 ( Δ / Y )|2|92|0.88|7.5|2|2.3|0,1400|92|770x505|200|235|50|IE1|F|IC411|IP55|У1|90,900.00   
АИР200M4|Электродвигатели АИР|Электродвигатель АИР200M4 37 кВт 1500 об/мин|37|1500|1475|70.2|380/660 ( Δ / Y )|4|92|0.87|7.2|2.2|2.3|0,1500|79|800x505|200|264|50|IE1|F|IC411|IP55|У1|97,480.00   
АИР225M6|Электродвигатели АИР|Электродвигатель АИР225M6 37 кВт 1000 об/мин|37|1000|980|71|380/660 ( Δ / Y )|6|92|0.86|7|2.1|2.1|0,8250|78|875x560|225|314|50|IE1|F|IC411|IP55|У1|118,157.00   
АИР250S8|Электродвигатели АИР|Электродвигатель АИР250S8 37 кВт 750 об/мин|37|750|740|78|380/660 ( Δ / Y )|8|91.5|0.79|6.6|1.9|2|1,3500|76|920x615|250|413|50|IE1|F|IC411|IP55|У1|149,793.00   
АИР200L2|Электродвигатели АИР|Электродвигатель АИР200L2 45 кВт 3000 об/мин|45|3000|2960|82.1|380/660 ( Δ / Y )|2|92.5|0.9|7.5|2|2.3|0,1600|92|770x505|200|254|50|IE1|F|IC411|IP55|У1|100,192.00   
АИР200L4|Электродвигатели АИР|Электродвигатель АИР200L4 45 кВт 1500 об/мин|45|1500|1475|84.9|380/660 ( Δ / Y )|4|92.5|0.87|7.2|2.2|2.3|0,1800|81|800x505|200|292|50|IE1|F|IC411|IP55|У1|102,358.00   
АИР250M8|Электродвигатели АИР|Электродвигатель АИР250M8 45 кВт 750 об/мин|45|750|740|94|380/660 ( Δ / Y )|8|92|0.79|6.6|1.9|2|1,5500|76|920x615|250|488|50|IE1|F|IC411|IP55|У1|170,493.00   
АИР250S6|Электродвигатели АИР|Электродвигатель АИР250S6 45 кВт 1000 об/мин|45|1000|980|86|380/660 ( Δ / Y )|6|92.5|0.86|7|2.1|2|1,2800|80|920x615|250|402|50|IE1|F|IC411|IP55|У1|145,012.00   
АИР225M2|Электродвигатели АИР|Электродвигатель АИР225M2 55 кВт 3000 об/мин|55|3000|2970|100|380/660 ( Δ / Y )|2|93|0.9|7.5|2|2.3|0,2000|93|820x560|225|324|50|IE1|F|IC411|IP55|У1|117,198.00   
АИР225M4|Электродвигатели АИР|Электродвигатель АИР225M4 55 кВт 1500 об/мин|55|1500|1480|103|380/660 ( Δ / Y )|4|93|0.87|7.2|2.2|2.3|0,2000|81|875x560|225|342|50|IE1|F|IC411|IP55|У1|123,239.00   
АИР250M6|Электродвигатели АИР|Электродвигатель АИР250M6 55 кВт 1000 об/мин|55|1000|980|104|380/660 ( Δ / Y )|6|92.8|0.86|7|2.1|2|1,4800|80|920x615|250|436|50|IE1|F|IC411|IP55|У1|153,136.00   
АИР280S8|Электродвигатели АИР|Электродвигатель АИР280S8 55 кВт 750 об/мин|55|750|740|111|380/660 ( Δ / Y )|8|92.8|0.81|6.6|1.8|2|2,6300|82|1025x680|280|602|50|IE1|F|IC411|IP55|У1|197,905.00   
АИР250S2|Электродвигатели АИР|Электродвигатель АИР250S2 75 кВт 3000 об/мин|75|3000|2975|135|380/660 ( Δ / Y )|2|93.6|0.9|7|2|2.3|0,3500|94|920x615|250|446|50|IE1|F|IC411|IP55|У1|157,185.00   
АИР250S4|Электродвигатели АИР|Электродвигатель АИР250S4 75 кВт 1500 об/мин|75|1500|1480|138.3|380/660 ( Δ / Y )|4|93.6|0.88|6.8|2.2|2.3|0,3500|83|920x615|250|464|50|IE1|F|IC411|IP55|У1|164,961.00   
АИР280M8|Электродвигатели АИР|Электродвигатель АИР280M8 75 кВт 750 об/мин|75|750|740|150|380/660 ( Δ / Y )|8|93.5|0.81|6.2|1.8|2|3,3300|82|1075x680|280|720|50|IE1|F|IC411|IP55|У1|248,291.00   
АИР280S6|Электродвигатели АИР|Электродвигатель АИР280S6 75 кВт 1000 об/мин|75|1000|985|142|380/660 ( Δ / Y )|6|93.5|0.86|6.7|2|2|2,6300|85|1025x680|280|588|50|IE1|F|IC411|IP55|У1|211,616.00   
АИР250M2|Электродвигатели АИР|Электродвигатель АИР250M2 90 кВт 3000 об/мин|90|3000|2975|160|380/660 ( Δ / Y )|2|93.9|0.91|7.1|2|2.3|0,4000|96|920x615|250|476|50|IE1|F|IC411|IP55|У1|160,279.00   
АИР250M4|Электродвигатели АИР|Электродвигатель АИР250M4 90 кВт 1500 об/мин|90|1500|1480|165.5|380/660 ( Δ / Y )|4|93.9|0.88|6.8|2.2|2.3|0,4000|86|920x615|250|498|50|IE1|F|IC411|IP55|У1|177,502.00   
АИР280M6|Электродвигатели АИР|Электродвигатель АИР280M6 90 кВт 1000 об/мин|90|1000|985|169|380/660 ( Δ / Y )|6|93.8|0.86|6.7|2|2|3,3300|85|1075x680|280|596|50|IE1|F|IC411|IP55|У1|226,047.00   
АИР315S8|Электродвигатели АИР|Электродвигатель АИР315S8 90 кВт 750 об/мин|90|750|740|178|380/660 ( Δ / Y )|8|93.8|0.82|6.4|1.8|2|3,6000|82|1220x845|315|942|50|IE1|F|IC411|IP55|У1|337,057.00   
АИР280S2|Электродвигатели АИР|Электродвигатель АИР280S2 110 кВт 3000 об/мин|110|3000|2975|195|380/660 ( Δ / Y )|2|94|0.91|7.1|1.8|2.2|0,6000|96|995x680|280|594|50|IE1|F|IC411|IP55|У1|194,804.00   
АИР280S4|Электродвигатели АИР|Электродвигатель АИР280S4 110 кВт 1500 об/мин|110|1500|1480|201|380/660 ( Δ / Y )|4|94.5|0.88|6.9|2.1|2.2|0,6000|86|1025x680|280|638|50|IE1|F|IC411|IP55|У1|238,638.00   
АИР315MA8|Электродвигатели АИР|Электродвигатель АИР315MA8 110 кВт 750 об/мин|110|750|740|217|380/660 ( Δ / Y )|8|94|0.82|6.4|1.8|2|||1325x845|315|1100|50|IE1|F|IC411|IP55|У1|400,828.00   
АИР315S6|Электродвигатели АИР|Электродвигатель АИР315S6 110 кВт 1000 об/мин|110|1000|985|207|380/660 ( Δ / Y )|6|94|0.86|6.7|2|2|3,6000|85|1220x845|315|948|50|IE1|F|IC411|IP55|У1|373,622.00   
АИР355M10|Электродвигатели АИР|Электродвигатель АИР355M10 110 кВт 600 об/мин|110|600|600|230|380/660 ( Δ / Y )|10|94.5|0.83|6.4|1.8|2|||1560x1010|355|2500|50|IE1|F|IC411|IP55|У1|0.00   
АИР280M2|Электродвигатели АИР|Электродвигатель АИР280M2 132 кВт 3000 об/мин|132|3000|2975|233|380/660 ( Δ / Y )|2|94.5|0.91|7.1|1.8|2.2|0,7000|96|1045x680|280|676|50|IE1|F|IC411|IP55|У1|233,857.00   
АИР280M4|Электродвигатели АИР|Электродвигатель АИР280M4 132 кВт 1500 об/мин|132|1500|1480|240|380/660 ( Δ / Y )|4|94.8|0.88|6.9|2.1|2.2|0,7000|93|1075x680|280|708|50|IE1|F|IC411|IP55|У1|254,568.00   
АИР315MA6|Электродвигатели АИР|Электродвигатель АИР315MA6 132 кВт 1000 об/мин|132|1000|985|245|380/660 ( Δ / Y )|6|94.2|0.87|6.7|2|2|||1325x845|315|1112|50|IE1|F|IC411|IP55|У1|408,361.00   
АИР315MB8|Электродвигатели АИР|Электродвигатель АИР315MB8 132 кВт 750 об/мин|132|750|740|260|380/660 ( Δ / Y )|8|94|0.82|6.4|1.8|2|||1325x845|315|1300|50|IE1|F|IC411|IP55|У1|0.00   
АИР355S8|Электродвигатели АИР|Электродвигатель АИР355S8 132 кВт 750 об/мин|132|750|740|260|380/660 ( Δ / Y )|8|93.7|0.82|6.4|1.8|2|||1560x1010|355|2000|50|IE1|F|IC411|IP55|У1|655,267.00   
АИР315MB6|Электродвигатели АИР|Электродвигатель АИР315MB6 160 кВт 1000 об/мин|160|1000|985|300|380/660 ( Δ / Y )|6|94.2|0.87|6.7|2|2|||1325x845|315|1200|50|IE1|F|IC411|IP55|У1|0.00   
АИР315S2|Электродвигатели АИР|Электродвигатель АИР315S2 160 кВт 3000 об/мин|160|3000|2975|279|380/660 ( Δ / Y )|2|94.6|0.92|7.1|1.8|2.2|2,8200|99|1190x845|315|945|50|IE1|F|IC411|IP55|У1|381,090.00   
АИР315S4|Электродвигатели АИР|Электродвигатель АИР315S4 160 кВт 1500 об/мин|160|1500|1480|288|380/660 ( Δ / Y )|4|94.9|0.89|6.9|2.1|2.2|2,7000|93|1220x845|315|1000|50|IE1|F|IC411|IP55|У1|388,044.00   
АИР355MA8|Электродвигатели АИР|Электродвигатель АИР355MA8 160 кВт 750 об/мин|160|750|740|315|380/660 ( Δ / Y )|8|94.2|0.82|6.4|1.8|2|7,9000|90|1560x1010|355|2150|50|IE1|F|IC411|IP55|У1|682,630.00   
АИР355S6|Электродвигатели АИР|Электродвигатель АИР355S6 160 кВт 1000 об/мин|160|1000|990|292|380/660 ( Δ / Y )|6|94.5|0.88|6.7|1.9|2|||1560x1010|355|1550|50|IE1|F|IC411|IP55|У1|620,187.00   
АИР315M2|Электродвигатели АИР|Электродвигатель АИР315M2 200 кВт 3000 об/мин|200|3000|2975|348|380/660 ( Δ / Y )|2|94.8|0.92|7.1|1.8|2.2|3,8600|99|1295x845|315|1175|50|IE1|F|IC411|IP55|У1|410,639.00   
АИР315M4|Электродвигатели АИР|Электродвигатель АИР315M4 200 кВт 1500 об/мин|200|1500|1480|360|380/660 ( Δ / Y )|4|94.9|0.89|6.9|2.1|2.2|4,8200|97|1325x845|315|1200|50|IE1|F|IC411|IP55|У1|444,838.00   
АИР355MA6|Электродвигатели АИР|Электродвигатель АИР355MA6 200 кВт 1000 об/мин|200|1000|990|365|380/660 ( Δ / Y )|6|94.5|0.88|6.7|1.9|2|9,5000|92|1560x1010|355|1600|50|IE1|F|IC411|IP55|У1|668,098.00   
АИР355MB8|Электродвигатели АИР|Электродвигатель АИР355MB8 200 кВт 750 об/мин|200|750|740|387|380/660 ( Δ / Y )|8|94.5|0.83|6.4|1.8|2|10,3000|90|1560x1010|355|2400|50|IE1|F|IC411|IP55|У1|801,460.00   
АИР315MB2|Электродвигатели АИР|Электродвигатель АИР315MB2 250 кВт 3000 об/мин|250|3000|3000|433|380/660 ( Δ / Y )|2|94.8|0.92|7.1|1.8|2.2|||1325x845|315|1550|50|IE1|F|IC411|IP55|У1|0.00   
АИР355L8|Электродвигатели АИР|Электродвигатель АИР355L8 250 кВт 750 об/мин|250|750|740|502|380/660 ( Δ / Y )|8|94.5|0.83|6.4|1.8|2|12,3000 |90|1940x950|355|2700|50|IE1|F|IC411|IP55|У1|0.00   
АИР355MB6|Электродвигатели АИР|Электродвигатель АИР355MB6 250 кВт 1000 об/мин|250|1000|990|457|380/660 ( Δ / Y )|6|94.5|0.88|6.7|1.9|2|10,400|92|1560x1010|355|1700|50|IE1|F|IC411|IP55|У1|775,151.00   
АИР355S2|Электродвигатели АИР|Электродвигатель АИР355S2 250 кВт 3000 об/мин|250|3000|2980|433|380/660 ( Δ / Y )|2|95.2|0.92|7.1|1.6|2.2|||1560x1010|355|1900|50|IE1|F|IC411|IP55|У1|710,116.00   
АИР355S4|Электродвигатели АИР|Электродвигатель АИР355S4 250 кВт 1500 об/мин|250|1500|1490|443|380/660 ( Δ / Y )|4|95.2|0.9|6.9|2.1|2.2|||1560x1010|355|1700|50|IE1|F|IC411|IP55|У1|707,636.00   
АИР355M2|Электродвигатели АИР|Электродвигатель АИР355M2 315 кВт 3000 об/мин|315|3000|2980|545|380/660 ( Δ / Y )|2|95.4|0.92|7.1|1.6|2.2|3,0000|103|1560x1010|355|2300|50|IE1|F|IC411|IP55|У1|775,954.00   
АИР355M4|Электродвигатели АИР|Электродвигатель АИР355M4 315 кВт 1500 об/мин|315|1500|1480|559|380/660 ( Δ / Y )|4|95.2|0.9|6.9|2.1|2.2|6,5000|101|1560x1010|355|1900|50|IE1|F|IC411|IP55|У1|758,536.00   
